"area_fips","own_code","industry_code","agglvl_code","size_code","year","qtr","disclosure_code","qtrly_estabs","month1_emplvl","month2_emplvl","month3_emplvl","total_qtrly_wages","taxable_qtrly_wages","qtrly_contributions","avg_wkly_wage","lq_disclosure_code","lq_qtrly_estabs","lq_month1_emplvl","lq_month2_emplvl","lq_month3_emplvl","lq_total_qtrly_wages","lq_taxable_qtrly_wages","lq_qtrly_contributions","lq_avg_wkly_wage","oty_disclosure_code","oty_qtrly_estabs_chg","oty_qtrly_estabs_pct_chg","oty_month1_emplvl_chg","oty_month1_emplvl_pct_chg","oty_month2_emplvl_chg","oty_month2_emplvl_pct_chg","oty_month3_emplvl_chg","oty_month3_emplvl_pct_chg","oty_total_qtrly_wages_chg","oty_total_qtrly_wages_pct_chg","oty_taxable_qtrly_wages_chg","oty_taxable_qtrly_wages_pct_chg","oty_qtrly_contributions_chg","oty_qtrly_contributions_pct_chg","oty_avg_wkly_wage_chg","oty_avg_wkly_wage_pct_chg"
"01000","0","10","50","0","2023","4","",158778,2092697,2101233,2102952,32915100344,1759947720,13833132,1206,"",1.00,1.00,1.00,1.00,1.00,1.00,1.00,1.00,"",6343,4.2,46583,2.3,44224,2.1,42377,2.1,1997024387,6.5,-70621288,-3.9,-11681105,-45.8,48,4.1
"01000","1","10","51","0","2023","4","",1267,57669,57732,58066,1468604712,0,0,1954,"",1.55,1.44,1.43,1.44,1.75,0.00,0.00,1.22,"",15,1.2,2301,4.2,1881,3.4,1816,3.2,189210300,14.8,0,0.0,0,0.0,191,10.8
"01000","2","10","51","0","2023","4","",1440,103764,104599,104425,1827470907,25230,50,1348,"",1.50,1.62,1.62,1.62,1.75,0.00,0.00,1.08,"",19,1.3,5598,5.7,6353,6.5,6155,6.3,167051960,10.1,-11488,-31.3,-207,-80.5,48,3.7
"01000","3","10","51","0","2023","4","",3764,221255,222259,222630,3052801060,12319598,65638,1058,"",1.65,1.11,1.11,1.11,1.13,0.32,0.84,1.02,"",7,0.2,5091,2.4,5533,2.6,5378,2.5,211814764,7.5,2445993,24.8,-29591,-31.1,50,5.0
"01000","5","10","51","0","2023","4","",152307,1710009,1716643,1717831,26566223665,1747602892,13767444,1192,"",0.98,0.96,0.96,0.96,0.94,1.03,1.00,0.98,"",6302,4.3,33593,2.0,30457,1.8,29028,1.7,1428947363,5.7,-73055793,-4.0,-11651307,-45.8,44,3.8
"01000","8","10","96","0","2023","4","",6471,382688,384590,385121,6348876679,12344828,65688,1271,"",1.60,1.26,1.26,1.26,1.38,0.21,0.66,1.10,"",41,0.6,12990,3.5,13767,3.7,13349,3.6,568077024,9.8,2434505,24.6,-29798,-31.2,72,6.0
"01001","0","10","70","0","2023","4","",1100,12006,11993,12137,157394679,9360743,65944,1005,"",1.00,1.00,1.00,1.00,1.00,1.00,1.00,1.00,"",57,5.5,233,2.0,290,2.5,292,2.5,10797166,7.4,-790695,-7.8,-77928,-54.2,47,4.9
"01001","1","10","71","0","2023","4","",11,109,98,104,1701820,0,0,1263,"",1.95,0.47,0.43,0.45,0.42,0.00,0.00,0.95,"",1,10.0,21,23.9,13,15.3,17,19.5,263897,18.4,0,0.0,0,0.0,-13,-1.0
"01001","2","10","71","0","2023","4","",20,627,628,640,9720899,0,0,1184,"",3.01,1.70,1.70,1.72,1.94,0.00,0.00,1.14,"",1,5.3,-5,-0.8,-16,-2.5,3,0.5,-11132,-0.1,0,0.0,0,0.0,10,0.9
"01001","3","10","71","0","2023","4","",32,1922,1911,1903,24688673,1344,3,993,"",2.03,1.68,1.67,1.65,1.91,0.01,0.01,1.15,"",0,0.0,49,2.6,66,3.6,48,2.6,482056,2.0,1344,100.0,3,100.0,-9,-0.9
"01001","5","10","71","0","2023","4","",1037,9348,9356,9490,121283287,9359399,65941,993,"",0.97,0.91,0.91,0.91,0.90,1.03,1.01,0.98,"",55,5.6,168,1.8,227,2.5,224,2.4,10062345,9.0,-792039,-7.8,-77931,-54.2,62,6.7
"01003","0","10","70","0","2023","4","",8488,82930,82792,82725,1060442597,75532133,568254,985,"",1.00,1.00,1.00,1.00,1.00,1.00,1.00,1.00,"",481,6.0,2494,3.1,2208,2.7,2244,2.8,60932134,6.1,-1587653,-2.1,-413195,-42.1,30,3.1
"01003","1","10","71","0","2023","4","",36,415,387,398,7589784,0,0,1460,"",0.83,0.26,0.24,0.25,0.28,0.00,0.00,1.11,"",2,5.9,48,13.1,0,0.0,5,1.3,873218,13.0,0,0.0,0,0.0,109,8.1
"01003","2","10","71","0","2023","4","",38,1153,1144,1082,14760919,0,0,1008,"",0.74,0.45,0.45,0.43,0.44,0.00,0.00,0.99,"",0,0.0,54,4.9,45,4.1,4,0.4,-229775,-1.5,0,0.0,0,0.0,-48,-4.5
"01003","3","10","71","0","2023","4","",93,9538,9602,9623,127175526,538506,1473,1020,"",0.76,1.21,1.22,1.22,1.46,0.33,0.46,1.20,"",2,2.2,319,3.5,325,3.5,295,3.2,8213629,6.9,-33337,-5.8,-2641,-64.2,33,3.3
"01003","5","10","71","0","2023","4","",8321,71824,71659,71622,910916368,74993627,566781,977,"",1.01,1.01,1.01,1.01,1.00,1.03,1.00,0.99,"",477,6.1,2073,3.0,1838,2.6,1940,2.8,52075062,6.1,-1554316,-2.0,-410554,-42.0,30,3.2
"01005","0","10","70","0","2023","4","",595,7538,7655,7659,85871821,6133012,47113,867,"",1.00,1.00,1.00,1.00,1.00,1.00,1.00,1.00,"",7,1.2,-327,-4.2,-154,-2.0,-213,-2.7,-1541364,-1.8,-615125,-9.1,-41227,-46.7,10,1.2
"01005","1","10","71","0","2023","4","",9,53,56,62,868101,0,0,1172,"",2.95,0.37,0.38,0.42,0.40,0.00,0.00,1.02,"",0,0.0,4,8.2,5,9.8,3,5.1,10870,1.3,0,0.0,0,0.0,-72,-5.8
"01005","2","10","71","0","2023","4","",19,473,477,475,8095503,0,0,1311,"",5.29,2.04,2.03,2.02,2.97,0.00,0.00,1.46,"",0,0.0,7,1.5,9,1.9,10,2.2,862601,11.9,0,0.0,0,0.0,118,9.9
"01005","3","10","71","0","2023","4","",30,936,949,944,11041501,52603,113,901,"",3.52,1.31,1.30,1.29,1.56,0.40,0.43,1.20,"",0,0.0,-18,-1.9,-5,-0.5,-12,-1.3,184967,1.7,-10347,-16.4,-335,-74.8,26,3.0
"01005","5","10","71","0","2023","4","",537,6076,6173,6178,65866716,6080409,47000,825,"",0.93,0.94,0.94,0.94,0.89,1.03,1.00,0.94,"",7,1.3,-320,-5.0,-163,-2.6,-214,-3.3,-2599802,-3.8,-604778,-9.0,-40892,-46.5,-1,-0.1
"01007","0","10","70","0","2023","4","",442,4983,4906,4851,67677957,3294363,24800,1060,"",1.00,1.00,1.00,1.00,1.00,1.00,1.00,1.00,"",31,7.5,43,0.9,87,1.8,-79,-1.6,2607325,4.0,-679843,-17.1,-28139,-53.2,38,3.7
"01007","1","10","71","0","2023","4","",9,71,65,67,1390798,0,0,1581,"",3.96,0.74,0.69,0.72,0.81,0.00,0.00,1.12,"",-1,-10.0,10,16.4,3,4.8,3,4.7,229601,19.8,0,0.0,0,0.0,148,10.3
"01007","2","10","71","0","2023","4","",13,193,193,202,3422219,0,0,1343,"",4.88,1.26,1.28,1.36,1.59,0.00,0.00,1.22,"",0,0.0,16,9.0,21,12.2,25,14.1,620380,22.1,0,0.0,0,0.0,114,9.3
"01007","3","10","71","0","2023","4","",31,1068,1054,1033,11024889,46528,93,806,"",4.89,2.25,2.25,2.24,1.98,0.65,0.66,0.88,"",0,0.0,14,1.3,-5,-0.5,-21,-2.0,324755,3.0,-2768,-5.6,-251,-73.0,26,3.3
"01007","5","10","71","0","2023","4","",389,3651,3594,3549,51840051,3247835,24707,1108,"",0.90,0.86,0.86,0.86,0.89,1.02,1.00,1.04,"",32,9.0,3,0.1,68,1.9,-86,-2.4,1432589,2.8,-677075,-17.3,-27888,-53.0,32,3.0
"01009","0","10","70","0","2023","4","",942,8875,8916,8955,103122211,6109100,43255,890,"",1.00,1.00,1.00,1.00,1.00,1.00,1.00,1.00,"",31,3.4,94,1.1,138,1.6,132,1.5,653001,0.6,205731,3.5,-29867,-40.8,-6,-0.7
"01009","1","10","71","0","2023","4","",10,82,76,87,1312791,0,0,1237,"",2.07,0.48,0.45,0.51,0.50,0.00,0.00,1.05,"",0,0.0,-5,-5.7,-7,-8.4,0,0.0,35434,2.8,0,0.0,0,0.0,90,7.8
"01009","2","10","71","0","2023","4","",12,143,144,151,2053786,0,0,1082,"",2.11,0.52,0.53,0.55,0.63,0.00,0.00,1.17,"",1,9.1,-4,-2.7,-4,-2.7,6,4.1,146418,7.7,0,0.0,0,0.0,82,8.2
"01009","3","10","71","0","2023","4","",43,1915,1923,1908,21043346,59150,118,845,"",3.19,2.27,2.26,2.24,2.48,0.45,0.48,1.10,"",-1,-2.3,-22,-1.1,-17,-0.9,-41,-2.1,127657,0.6,-16017,-21.3,-446,-79.1,17,2.1
"01009","5","10","71","0","2023","4","",877,6735,6773,6809,78712288,6049950,43137,894,"",0.96,0.89,0.89,0.89,0.89,1.02,1.00,1.00,"",31,3.7,125,1.9,166,2.5,167,2.5,343492,0.4,221748,3.8,-29421,-40.5,-17,-1.9
"01011","0","10","70","0","2023","4","",212,2792,2806,2864,35972621,2144076,17006,981,"",1.00,1.00,1.00,1.00,1.00,1.00,1.00,1.00,"",3,1.4,131,4.9,57,2.1,134,4.9,4172402,13.1,-1342,-0.1,-7068,-29.4,79,8.8
"01011","1","10","71","0","2023","4","",6,30,34,33,543513,0,0,1293,"",5.51,0.56,0.63,0.60,0.59,0.00,0.00,0.99,"",0,0.0,1,3.4,6,21.4,0,0.0,72954,15.5,0,0.0,0,0.0,86,7.1
"01011","2","10","71","0","2023","4","",10,162,160,161,3513055,0,0,1678,"",7.82,1.89,1.86,1.83,3.07,0.00,0.00,1.65,"",0,0.0,-18,-10.0,-21,-11.6,-14,-8.0,545827,18.4,0,0.0,0,0.0,400,31.3
"01011","3","10","71","0","2023","4","",15,329,331,322,3787260,0,0,890,"",4.94,1.24,1.24,1.18,1.28,0.00,0.00,1.05,"",0,0.0,10,3.1,10,3.1,8,2.5,335152,9.7,0,0.0,0,0.0,55,6.6
"01011","5","10","71","0","2023","4","",181,2271,2281,2348,28128793,2144076,17006,941,"",0.88,0.95,0.95,0.96,0.91,1.03,1.01,0.95,"",3,1.7,138,6.5,62,2.8,140,6.3,3218469,12.9,-1342,-0.1,-7068,-29.4,65,7.4
"01013","0","10","70","0","2023","4","",545,6961,6984,6936,80462715,6754811,59365,889,"",1.00,1.00,1.00,1.00,1.00,1.00,1.00,1.00,"",5,0.9,199,2.9,116,1.7,63,0.9,6272400,8.5,-1031944,-13.3,-61784,-51.0,54,6.5
"01013","1","10","71","0","2023","4","",6,41,40,41,524627,0,0,992,"",2.14,0.31,0.30,0.31,0.26,0.00,0.00,0.84,"",0,0.0,2,5.1,0,0.0,1,2.5,1050,0.2,0,0.0,0,0.0,-23,-2.3
"01013","2","10","71","0","2023","4","",12,93,92,90,1602222,0,0,1345,"",3.65,0.44,0.43,0.42,0.63,0.00,0.00,1.46,"",0,0.0,7,8.1,5,5.7,1,1.1,218212,15.8,0,0.0,0,0.0,126,10.3
"01013","3","10","71","0","2023","4","",19,702,707,703,8165798,13030,26,892,"",2.43,1.06,1.06,1.06,1.23,0.09,0.08,1.16,"",-2,-9.5,0,0.0,9,1.3,12,1.7,191073,2.4,6069,87.2,-22,-45.8,12,1.4
"01013","5","10","71","0","2023","4","",508,6125,6145,6102,70170068,6741781,59339,881,"",0.96,1.03,1.03,1.03,1.01,1.03,1.01,0.98,"",7,1.4,190,3.2,102,1.7,49,0.8,5862065,9.1,-1038013,-13.3,-61762,-51.0,58,7.0
"01015","0","10","70","0","2023","4","",2828,43297,43161,42980,562129990,34156700,251269,1002,"",1.00,1.00,1.00,1.00,1.00,1.00,1.00,1.00,"",69,2.5,-840,-1.9,-1324,-3.0,-1409,-3.2,27912894,5.2,-3845747,-10.1,-228358,-47.6,75,8.1
"01015","1","10","71","0","2023","4","",46,3424,3419,3433,73682252,0,0,1655,"",3.17,4.13,4.14,4.16,5.14,0.00,0.00,1.24,"",-1,-2.1,-62,-1.8,-64,-1.8,-21,-0.6,13898708,23.2,0,0.0,0,0.0,331,25.0
"01015","2","10","71","0","2023","4","",31,1790,1782,1773,26156281,0,0,1129,"",1.82,1.35,1.34,1.34,1.46,0.00,0.00,1.09,"",2,6.9,30,1.7,25,1.4,30,1.7,1486234,6.0,0,0.0,0,0.0,47,4.3
"01015","3","10","71","0","2023","4","",74,5679,5692,5657,82776959,73197,182,1122,"",1.83,1.38,1.38,1.38,1.79,0.10,0.13,1.30,"",-1,-1.3,-618,-9.8,-608,-9.7,-637,-10.1,4738509,6.1,-107367,-59.5,-2262,-92.6,169,17.7
"01015","5","10","71","0","2023","4","",2677,32404,32268,32117,379514498,34083503,251087,905,"",0.97,0.88,0.87,0.87,0.78,1.03,1.01,0.90,"",69,2.6,-190,-0.6,-677,-2.1,-781,-2.4,7789443,2.1,-3738380,-9.9,-226096,-47.4,34,3.9
"01017","0","10","70","0","2023","4","",787,8851,8936,8929,119707667,8717835,90613,1034,"",1.00,1.00,1.00,1.00,1.00,1.00,1.00,1.00,"",45,6.1,337,4.0,430,5.1,378,4.4,14392632,13.7,1417599,19.4,-19216,-17.5,84,8.8
"01017","1","10","71","0","2023","4","",6,59,54,49,828463,0,0,1180,"",1.48,0.35,0.32,0.29,0.27,0.00,0.00,0.86,"",0,0.0,8,15.7,-1,-1.8,-10,-16.9,47810,6.1,0,0.0,0,0.0,88,8.1
"01017","2","10","71","0","2023","4","",13,135,136,137,1864365,0,0,1055,"",2.74,0.50,0.50,0.50,0.49,0.00,0.00,0.99,"",0,0.0,4,3.1,5,3.8,4,3.0,152144,8.9,0,0.0,0,0.0,55,5.5
"01017","3","10","71","0","2023","4","",48,1526,1536,1530,19305213,24238,92,970,"",4.26,1.81,1.80,1.80,1.96,0.13,0.18,1.09,"",0,0.0,31,2.1,47,3.2,35,2.3,1330928,7.4,6356,35.5,-78,-45.9,44,4.8
"01017","5","10","71","0","2023","4","",720,7131,7210,7213,97709626,8693597,90521,1046,"",0.94,0.94,0.94,0.94,0.95,1.03,1.01,1.00,"",45,6.7,294,4.3,379,5.5,349,5.1,12861750,15.2,1411243,19.4,-19138,-17.5,92,9.6
"01019","0","10","70","0","2023","4","",488,5348,5249,5264,59544037,4836873,34915,866,"",1.00,1.00,1.00,1.00,1.00,1.00,1.00,1.00,"",21,4.5,143,2.7,5,0.1,13,0.2,731210,1.2,-383614,-7.3,-40761,-53.9,2,0.2
"01019","1","10","71","0","2023","4","",10,42,44,45,679691,0,0,1197,"",3.99,0.41,0.44,0.45,0.45,0.00,0.00,1.04,"",0,0.0,-3,-6.7,1,2.3,-3,-6.2,42561,6.7,0,0.0,0,0.0,116,10.7
"01019","2","10","71","0","2023","4","",11,75,75,74,1143964,0,0,1179,"",3.74,0.46,0.46,0.46,0.60,0.00,0.00,1.32,"",0,0.0,-4,-5.1,-2,-2.6,-4,-5.1,45215,4.1,0,0.0,0,0.0,95,8.8
"01019","3","10","71","0","2023","4","",24,1150,1170,1178,13066350,27474,169,862,"",3.43,2.26,2.34,2.35,2.67,0.26,0.86,1.15,"",0,0.0,21,1.9,38,3.4,52,4.6,596821,4.8,-3944,-12.6,-90,-34.7,12,1.4
"01019","5","10","71","0","2023","4","",443,4081,3960,3967,44654032,4809399,34746,858,"",0.93,0.89,0.88,0.88,0.87,1.03,1.00,0.98,"",21,5.0,129,3.3,-32,-0.8,-32,-0.8,46613,0.1,-379670,-7.3,-40671,-53.9,-4,-0.5
"01021","0","10","70","0","2023","4","",924,9152,9088,9088,110859399,6957778,47375,936,"",1.00,1.00,1.00,1.00,1.00,1.00,1.00,1.00,"",51,5.8,0,0.0,-107,-1.2,-103,-1.1,1113800,1.0,-12049,-0.2,-40593,-46.1,16,1.7
"01021","1","10","71","0","2023","4","",7,56,56,58,884121,0,0,1200,"",1.48,0.32,0.32,0.33,0.31,0.00,0.00,0.96,"",0,0.0,-2,-3.4,-3,-5.1,-3,-4.9,47351,5.7,0,0.0,0,0.0,115,10.6
"01021","2","10","71","0","2023","4","",14,264,264,266,4158236,0,0,1209,"",2.51,0.94,0.95,0.95,1.18,0.00,0.00,1.25,"",0,0.0,13,5.2,12,4.8,16,6.4,416148,11.1,0,0.0,0,0.0,62,5.4
"01021","3","10","71","0","2023","4","",35,1710,1690,1680,19270062,129579,373,875,"",2.64,1.97,1.95,1.94,2.12,0.86,1.40,1.08,"",0,0.0,77,4.7,33,2.0,40,2.4,1406883,7.9,-19732,-13.2,-800,-68.2,39,4.7
"01021","5","10","71","0","2023","4","",868,7122,7078,7084,86546980,6828199,47002,938,"",0.96,0.91,0.91,0.91,0.91,1.01,1.00,1.00,"",51,6.2,-88,-1.2,-149,-2.1,-156,-2.2,-756582,-0.9,7683,0.1,-39793,-45.8,9,1.0
"01023","0","10","70","0","2023","4","",361,3337,3327,3339,53051522,2709252,35131,1224,"",1.00,1.00,1.00,1.00,1.00,1.00,1.00,1.00,"",-6,-1.6,-21,-0.6,-55,-1.6,-134,-3.9,2074791,4.1,-24254,-0.9,-6220,-15.0,72,6.2
"01023","1","10","71","0","2023","4","",7,27,23,25,323660,0,0,996,"",3.78,0.42,0.36,0.39,0.24,0.00,0.00,0.61,"",0,0.0,1,3.8,-4,-14.8,-2,-7.4,6554,2.1,0,0.0,0,0.0,81,8.9
"01023","2","10","71","0","2023","4","",11,70,67,69,763998,0,0,856,"",5.05,0.68,0.66,0.67,0.45,0.00,0.00,0.68,"",0,0.0,13,22.8,10,17.5,4,6.2,210871,38.1,0,0.0,0,0.0,143,20.1
"01023","3","10","71","0","2023","4","",22,344,348,346,3553968,9622,43,790,"",4.25,1.08,1.10,1.09,0.82,0.16,0.22,0.75,"",-1,-4.3,-16,-4.4,-14,-3.9,-13,-3.6,-52766,-1.5,-1921,-16.6,-177,-80.5,20,2.6
"01023","5","10","71","0","2023","4","",321,2896,2889,2899,48409896,2699630,35088,1286,"",0.91,1.01,1.02,1.02,1.06,1.03,1.01,1.04,"",-5,-1.5,-19,-0.7,-47,-1.6,-123,-4.1,1910132,4.1,-22333,-0.8,-6043,-14.7,77,6.4
"01025","0","10","70","0","2023","4","",761,8160,8186,8221,104915071,5605817,45864,986,"",1.00,1.00,1.00,1.00,1.00,1.00,1.00,1.00,"",5,0.7,20,0.2,-57,-0.7,-83,-1.0,4106554,4.1,-461403,-7.6,-36003,-44.0,44,4.7
"01025","1","10","71","0","2023","4","",13,63,68,69,1073269,0,0,1238,"",3.33,0.40,0.43,0.44,0.40,0.00,0.00,0.94,"",0,0.0,0,0.0,5,7.9,2,3.0,-8434,-0.8,0,0.0,0,0.0,-55,-4.3
"01025","2","10","71","0","2023","4","",16,318,319,317,5256132,0,0,1271,"",3.49,1.27,1.27,1.26,1.58,0.00,0.00,1.25,"",0,0.0,6,1.9,2,0.6,-8,-2.5,396265,8.2,0,0.0,0,0.0,95,8.1
"01025","3","10","71","0","2023","4","",38,1298,1303,1306,15006118,151827,425,886,"",3.48,1.67,1.67,1.67,1.74,1.25,1.64,1.04,"",1,2.7,-32,-2.4,-29,-2.2,-8,-0.6,272067,1.8,32521,27.3,-410,-49.1,31,3.6
"01025","5","10","71","0","2023","4","",694,6481,6496,6529,83579552,5453990,45439,989,"",0.94,0.93,0.93,0.93,0.93,1.01,1.00,1.00,"",4,0.6,46,0.7,-35,-0.5,-69,-1.0,3446656,4.3,-493924,-8.3,-35593,-43.9,44,4.7
"01027","0","10","70","0","2023","4","",251,4248,4237,4260,45385453,3636971,20946,822,"",1.00,1.00,1.00,1.00,1.00,1.00,1.00,1.00,"",11,4.6,-28,-0.7,-17,-0.4,26,0.6,-23817,-0.1,-195749,-5.1,-22523,-51.8,1,0.1
"01027","1","10","71","0","2023","4","",6,36,38,42,587887,0,0,1170,"",4.65,0.44,0.47,0.51,0.51,0.00,0.00,1.07,"",0,0.0,-5,-12.2,-4,-9.5,-1,-2.3,-35631,-5.7,0,0.0,0,0.0,28,2.5
"01027","2","10","71","0","2023","4","",10,56,56,54,767239,0,0,1067,"",6.61,0.43,0.43,0.41,0.53,0.00,0.00,1.25,"",1,11.1,3,5.7,3,5.7,1,1.9,136523,21.6,0,0.0,0,0.0,152,16.6
"01027","3","10","71","0","2023","4","",17,828,840,828,8118260,49287,98,751,"",4.73,2.05,2.08,2.04,2.18,0.62,0.83,1.06,"",0,0.0,1,0.1,15,1.8,0,0.0,165919,2.1,11692,31.1,-165,-62.7,11,1.5
"01027","5","10","71","0","2023","4","",218,3328,3303,3336,35912067,3587684,20848,831,"",0.89,0.92,0.91,0.92,0.92,1.02,1.00,1.00,"",10,4.8,-27,-0.8,-31,-0.9,26,0.8,-290628,-0.8,-207441,-5.5,-22358,-51.7,-5,-0.6
"01029","0","10","70","0","2023","4","",286,2696,2687,2673,38834357,1801785,13524,1112,"",1.00,1.00,1.00,1.00,1.00,1.00,1.00,1.00,"",-2,-0.7,196,7.8,270,11.2,145,5.7,3177225,8.9,-93950,-5.0,-14195,-51.2,7,0.6
"01029","1","10","71","0","2023","4","",8,49,53,54,973117,0,0,1440,"",5.45,0.95,1.03,1.05,0.98,0.00,0.00,0.97,"",0,0.0,-1,-2.0,6,12.8,9,20.0,137203,16.4,0,0.0,0,0.0,82,6.0
"01029","2","10","71","0","2023","4","",11,137,137,113,2079180,0,0,1240,"",6.38,1.66,1.66,1.38,1.68,0.00,0.00,1.08,"",0,0.0,2,1.5,2,1.5,-21,-15.7,277358,15.4,0,0.0,0,0.0,211,20.5
"01029","3","10","71","0","2023","4","",30,607,598,605,6904196,107827,215,880,"",7.32,2.37,2.33,2.38,2.16,2.76,2.82,0.92,"",0,0.0,21,3.6,7,1.2,17,2.9,321444,4.9,14717,15.8,-437,-67.0,19,2.2
"01029","5","10","71","0","2023","4","",237,1903,1899,1901,28877864,1693958,13309,1169,"",0.85,0.83,0.83,0.83,0.86,0.97,0.99,1.04,"",-2,-0.8,174,10.1,255,15.5,140,8.0,2441220,9.2,-108667,-6.0,-13758,-50.8,-19,-1.6
"01031","0","10","70","0","2023","4","",1365,17104,17177,17197,196168708,14704506,81436,879,"",1.00,1.00,1.00,1.00,1.00,1.00,1.00,1.00,"",92,7.2,389,2.3,455,2.7,426,2.5,9229110,4.9,-1448087,-9.0,-115202,-58.6,20,2.3
"01031","1","10","71","0","2023","4","",15,260,266,264,5174675,0,0,1512,"",2.14,0.79,0.81,0.80,1.03,0.00,0.00,1.29,"",-1,-6.2,7,2.8,11,4.3,9,3.5,916677,21.5,0,0.0,0,0.0,224,17.4
"01031","2","10","71","0","2023","4","",22,519,515,500,6696497,0,0,1007,"",2.67,0.99,0.98,0.95,1.07,0.00,0.00,1.11,"",0,0.0,32,6.6,28,5.7,14,2.9,569279,9.3,0,0.0,0,0.0,39,4.0
"01031","3","10","71","0","2023","4","",45,2028,2038,2031,24481276,193930,912,927,"",2.30,1.25,1.24,1.24,1.52,0.61,1.99,1.22,"",2,4.7,73,3.7,61,3.1,54,2.7,1398918,6.1,87004,81.4,15,1.7,26,2.9
"01031","5","10","71","0","2023","4","",1283,14297,14358,14402,159816260,14510576,80524,857,"",0.96,0.98,0.98,0.98,0.95,1.02,1.00,0.97,"",91,7.6,277,2.0,355,2.5,349,2.5,6344236,4.1,-1535091,-9.6,-115217,-58.9,15,1.8
"01033","0","10","70","0","2023","4","",1561,24244,24017,24041,361302360,20072734,187731,1153,"",1.00,1.00,1.00,1.00,1.00,1.00,1.00,1.00,"",57,3.8,-145,-0.6,-480,-2.0,-585,-2.4,6531790,1.8,-1890794,-8.6,-121357,-39.3,39,3.5
"01033","1","10","71","0","2023","4","",15,713,713,716,31520165,0,0,3396,"",1.87,1.53,1.55,1.55,3.42,0.00,0.00,2.22,"",0,0.0,46,6.9,41,6.1,35,5.1,5614476,21.7,0,0.0,0,0.0,436,14.7
"01033","2","10","71","0","2023","4","",16,698,699,697,8807607,0,0,971,"",1.70,0.94,0.95,0.94,0.77,0.00,0.00,0.81,"",-1,-5.9,4,0.6,5,0.7,6,0.9,454204,5.4,0,0.0,0,0.0,44,4.7
"01033","3","10","71","0","2023","4","",49,3401,3404,3416,49861342,101959,359,1126,"",2.19,1.48,1.49,1.49,1.68,0.23,0.34,1.13,"",0,0.0,23,0.7,27,0.8,33,1.0,3470523,7.5,-55270,-35.2,-1016,-73.9,70,6.6
"01033","5","10","71","0","2023","4","",1481,19432,19201,19212,271113246,19970775,187372,1082,"",0.97,0.94,0.94,0.93,0.87,1.03,1.01,0.93,"",58,4.1,-218,-1.1,-553,-2.8,-659,-3.3,-3007413,-1.1,-1835524,-8.4,-120341,-39.1,15,1.4
"01035","0","10","70","0","2023","4","",294,3276,3315,3318,40285264,2674796,19371,938,"",1.00,1.00,1.00,1.00,1.00,1.00,1.00,1.00,"",18,6.5,41,1.3,38,1.2,60,1.8,2833631,7.6,-20893,-0.8,-14675,-43.1,53,6.0
"01035","1","10","71","0","2023","4","",5,24,25,27,351608,0,0,1068,"",3.31,0.38,0.39,0.42,0.34,0.00,0.00,0.86,"",0,0.0,0,0.0,1,4.2,-3,-10.0,23856,7.3,0,0.0,0,0.0,98,10.1
"01035","2","10","71","0","2023","4","",12,190,195,193,2721163,0,0,1086,"",6.77,1.89,1.91,1.89,2.13,0.00,0.00,1.12,"",0,0.0,15,8.6,24,14.0,24,14.2,356014,15.1,0,0.0,0,0.0,26,2.5
"01035","3","10","71","0","2023","4","",22,487,479,476,5487073,16684,34,878,"",5.22,1.56,1.51,1.51,1.66,0.29,0.31,1.08,"",0,0.0,-3,-0.6,-8,-1.6,-7,-1.4,346390,6.7,3181,23.6,-61,-64.2,65,8.0
"01035","5","10","71","0","2023","4","",255,2575,2616,2622,31725420,2658112,19337,937,"",0.89,0.92,0.92,0.92,0.92,1.03,1.01,0.99,"",18,7.6,29,1.1,21,0.8,46,1.8,2107371,7.1,-24074,-0.9,-14614,-43.0,51,5.8
"01037","0","10","70","0","2023","4","",160,1511,1491,1500,21667184,816624,7977,1111,"",1.00,1.00,1.00,1.00,1.00,1.00,1.00,1.00,"",3,1.9,-19,-1.2,-43,-2.8,-46,-3.0,453499,2.1,-459659,-36.0,-13665,-63.1,49,4.6
"01037","1","10","71","0","2023","4","",6,15,14,13,208781,0,0,1147,"",7.30,0.52,0.49,0.45,0.38,0.00,0.00,0.78,"",0,0.0,-1,-6.2,-1,-6.7,-2,-13.3,-24184,-10.4,0,0.0,0,0.0,-22,-1.9
"01037","2","10","71","0","2023","4","",13,47,47,48,508610,0,0,827,"",13.47,1.01,1.03,1.04,0.74,0.00,0.00,0.72,"",0,0.0,4,9.3,5,11.9,4,9.1,110681,27.8,0,0.0,0,0.0,115,16.2
"01037","3","10","71","0","2023","4","",14,315,310,315,2830738,4708,9,695,"",6.11,2.19,2.18,2.21,1.59,0.27,0.20,0.73,"N",0,0.0,0,0,0,0,0,0,0,0,0,0,0,0,0,0
"01037","5","10","71","0","2023","4","",127,1134,1120,1124,18119055,811916,7968,1238,"",0.81,0.88,0.88,0.88,0.97,1.03,1.01,1.11,"N",3,2.4,0,0,0,0,0,0,0,0,0,0,0,0,0,0
"01039","0","10","70","0","2023","4","",1111,11989,12063,12109,140810099,8427275,65476,899,"",1.00,1.00,1.00,1.00,1.00,1.00,1.00,1.00,"",83,8.1,155,1.3,291,2.5,291,2.5,7491888,5.6,330557,4.1,-42400,-39.3,31,3.6
"01039","1","10","71","0","2023","4","",15,123,123,127,2152984,0,0,1332,"",2.63,0.54,0.53,0.55,0.60,0.00,0.00,1.11,"",0,0.0,8,7.0,7,6.0,7,5.8,192984,9.8,0,0.0,0,0.0,43,3.3
"01039","2","10","71","0","2023","4","",17,374,371,358,5038812,0,0,1054,"",2.54,1.02,1.00,0.96,1.13,0.00,0.00,1.13,"",0,0.0,-6,-1.6,-1,-0.3,-2,-0.6,200135,4.1,0,0.0,0,0.0,50,5.0
"01039","3","10","71","0","2023","4","",45,1583,1593,1580,18184150,29126,57,882,"",2.83,1.39,1.38,1.37,1.57,0.16,0.15,1.14,"",0,0.0,6,0.4,34,2.2,11,0.7,1257475,7.4,6398,28.2,-102,-64.2,52,6.3
"01039","5","10","71","0","2023","4","",1034,9909,9976,10044,115434153,8398149,65419,890,"",0.96,0.97,0.97,0.97,0.95,1.03,1.01,0.98,"",83,8.7,147,1.5,251,2.6,275,2.8,5841294,5.3,324159,4.0,-42298,-39.3,26,3.0
"01041","0","10","70","0","2023","4","",304,3582,3601,3618,44954102,2851114,41386,960,"",1.00,1.00,1.00,1.00,1.00,1.00,1.00,1.00,"",12,4.1,320,9.8,322,9.8,344,10.5,6028631,15.5,544886,23.6,7718,22.9,45,4.9
"01041","1","10","71","0","2023","4","",10,37,37,41,465798,0,0,935,"",6.41,0.54,0.54,0.59,0.41,0.00,0.00,0.73,"",0,0.0,-4,-9.8,-3,-7.5,-4,-8.9,-30538,-6.2,0,0.0,0,0.0,26,2.9
"01041","2","10","71","0","2023","4","",10,55,54,52,899842,0,0,1290,"",5.45,0.50,0.49,0.47,0.63,0.00,0.00,1.30,"",0,0.0,1,1.9,1,1.9,-1,-1.9,111745,14.2,0,0.0,0,0.0,153,13.5
"01041","3","10","71","0","2023","4","",22,585,585,578,5920554,8718,17,782,"",5.05,1.72,1.70,1.68,1.60,0.14,0.07,0.94,"",0,0.0,30,5.4,23,4.1,20,3.6,62735,1.1,-10059,-53.6,-115,-87.1,-25,-3.1
"01041","5","10","71","0","2023","4","",262,2905,2925,2947,37667908,2842396,41369,990,"",0.88,0.95,0.95,0.95,0.97,1.03,1.01,1.02,"",12,4.8,293,11.2,301,11.5,329,12.6,5884689,18.5,554945,24.3,7833,23.4,56,6.0
"01043","0","10","70","0","2023","4","",2273,30573,30768,30861,401771570,25867008,160362,1006,"",1.00,1.00,1.00,1.00,1.00,1.00,1.00,1.00,"",124,5.8,201,0.7,203,0.7,180,0.6,14257838,3.7,-2069213,-7.4,-193453,-54.7,30,3.1
"01043","1","10","71","0","2023","4","",18,201,184,188,3292486,0,0,1326,"",1.54,0.34,0.31,0.32,0.32,0.00,0.00,0.99,"",0,0.0,13,6.9,-3,-1.6,-3,-1.6,253304,8.3,0,0.0,0,0.0,87,7.0
"01043","2","10","71","0","2023","4","",19,724,734,693,9766192,0,0,1048,"",1.39,0.77,0.78,0.73,0.76,0.00,0.00,1.01,"",0,0.0,3,0.4,11,1.5,-4,-0.6,533691,5.8,0,0.0,0,0.0,53,5.3
"01043","3","10","71","0","2023","4","",51,3559,3584,3589,41373603,161086,531,890,"",1.57,1.22,1.22,1.22,1.25,0.29,0.59,1.03,"",0,0.0,55,1.6,107,3.1,61,1.7,1947349,4.9,59857,59.1,-326,-38.0,24,2.8
"01043","5","10","71","0","2023","4","",2185,26089,26266,26391,347339289,25705922,159831,1018,"",0.99,1.00,1.00,1.00,1.00,1.03,1.00,1.00,"",124,6.0,130,0.5,88,0.3,126,0.5,11523494,3.4,-2129070,-7.6,-193127,-54.7,30,3.0
"01045","0","10","70","0","2023","4","",1126,18031,18143,18105,302941014,9789228,93974,1288,"",1.00,1.00,1.00,1.00,1.00,1.00,1.00,1.00,"",76,7.2,154,0.9,286,1.6,192,1.1,23893686,8.6,305924,3.2,-33079,-26.0,88,7.3
"01045","1","10","71","0","2023","4","",37,2943,2957,2950,57189135,0,0,1491,"",6.40,8.51,8.51,8.49,7.41,0.00,0.00,0.87,"",0,0.0,-7,-0.2,-8,-0.3,-40,-1.3,8522331,17.5,0,0.0,0,0.0,230,18.2
"01045","2","10","71","0","2023","4","",15,170,170,168,2666950,0,0,1212,"",2.21,0.31,0.30,0.30,0.28,0.00,0.00,0.91,"",1,7.1,0,0.0,0,0.0,2,1.2,174294,7.0,0,0.0,0,0.0,75,6.6
"01045","3","10","71","0","2023","4","",56,1953,1976,1976,22628850,76302,163,884,"",3.47,1.14,1.14,1.15,0.91,0.36,0.31,0.80,"",1,1.8,52,2.7,51,2.6,66,3.5,1582279,7.5,27833,57.4,-207,-55.9,37,4.4
"01045","5","10","71","0","2023","4","",1018,12965,13040,13011,220456079,9712926,93811,1304,"",0.93,0.84,0.84,0.84,0.85,1.03,1.01,1.01,"",74,7.8,109,0.8,243,1.9,164,1.3,13614782,6.6,278091,2.9,-32872,-25.9,64,5.2
"01047","0","10","70","0","2023","4","",980,11553,11421,11374,143891070,9239421,106034,967,"",1.00,1.00,1.00,1.00,1.00,1.00,1.00,1.00,"",51,5.5,34,0.3,-73,-0.6,-156,-1.4,6249563,4.5,-173307,-1.8,-51875,-32.9,47,5.1
"01047","1","10","71","0","2023","4","",17,170,165,167,3171183,0,0,1458,"",3.38,0.77,0.75,0.76,0.86,0.00,0.00,1.13,"",0,0.0,-3,-1.7,-11,-6.2,-12,-6.7,60654,1.9,0,0.0,0,0.0,99,7.3
"01047","2","10","71","0","2023","4","",20,563,562,561,7601621,0,0,1040,"",3.38,1.59,1.60,1.61,1.66,0.00,0.00,1.04,"",0,0.0,52,10.2,49,9.6,52,10.2,1141887,17.7,0,0.0,0,0.0,68,7.0
"01047","3","10","71","0","2023","4","",57,1563,1538,1514,17779808,12588,65,889,"",4.06,1.42,1.41,1.40,1.50,0.06,0.11,1.07,"",-1,-1.7,13,0.8,-16,-1.0,-43,-2.8,1323009,8.0,-17525,-58.2,-462,-87.7,74,9.1
"01047","5","10","71","0","2023","4","",886,9257,9156,9132,115338458,9226833,105969,966,"",0.93,0.94,0.94,0.94,0.93,1.03,1.01,0.99,"",52,6.2,-28,-0.3,-95,-1.0,-153,-1.6,3724013,3.3,-155782,-1.7,-51413,-32.7,40,4.3
"01049","0","10","70","0","2023","4","",1458,23073,23222,23279,301150860,20614932,112291,999,"",1.00,1.00,1.00,1.00,1.00,1.00,1.00,1.00,"",60,4.3,700,3.1,823,3.7,868,3.9,24564244,8.9,942141,4.8,-140680,-55.6,49,5.2
"01049","1","10","71","0","2023","4","",19,164,165,169,2523434,0,0,1169,"",2.54,0.37,0.37,0.38,0.33,0.00,0.00,0.88,"",0,0.0,11,7.2,8,5.1,6,3.7,121840,5.1,0,0.0,0,0.0,-3,-0.3
"01049","2","10","71","0","2023","4","",16,549,545,520,6657274,0,0,952,"",1.82,0.78,0.76,0.73,0.70,0.00,0.00,0.92,"",0,0.0,-2,-0.4,-5,-0.9,-31,-5.6,467047,7.5,0,0.0,0,0.0,87,10.1
"01049","3","10","71","0","2023","4","",59,2864,2868,2868,29285655,190244,418,786,"",2.82,1.31,1.29,1.29,1.18,0.43,0.66,0.91,"",0,0.0,104,3.8,102,3.7,105,3.8,1929043,7.1,25549,15.5,-801,-65.7,24,3.1
"01049","5","10","71","0","2023","4","",1364,19496,19644,19722,262684497,20424688,111873,1030,"",0.96,0.99,0.99,0.99,1.01,1.02,1.00,1.02,"",60,4.6,587,3.1,718,3.8,788,4.2,22046314,9.2,916592,4.7,-139879,-55.6,52,5.3
"01051","0","10","70","0","2023","4","",1735,20423,20688,20784,251501386,17482148,100585,938,"",1.00,1.00,1.00,1.00,1.00,1.00,1.00,1.00,"",83,5.0,378,1.9,411,2.0,345,1.7,22508806,9.8,750921,4.5,-102964,-50.6,68,7.8
"01051","1","10","71","0","2023","4","",15,192,198,192,3244414,0,0,1286,"",1.68,0.49,0.50,0.48,0.51,0.00,0.00,1.03,"",1,7.1,1,0.5,7,3.7,-10,-5.0,436397,15.5,0,0.0,0,0.0,176,15.9
"01051","2","10","71","0","2023","4","",25,850,839,858,17038574,0,0,1544,"",2.39,1.36,1.32,1.34,2.13,0.00,0.00,1.59,"",1,4.2,-20,-2.3,-19,-2.2,-6,-0.7,1524528,9.8,0,0.0,0,0.0,163,11.8
"01051","3","10","71","0","2023","4","",49,3344,3356,3363,41031386,1003115,3816,941,"",1.97,1.72,1.70,1.70,1.99,2.64,6.73,1.16,"",0,0.0,177,5.6,187,5.9,201,6.4,3507504,9.3,456929,83.7,-798,-17.3,29,3.2
"01051","5","10","71","0","2023","4","",1646,16037,16295,16371,190187012,16479033,96769,901,"",0.97,0.92,0.92,0.92,0.88,0.97,0.97,0.95,"",81,5.2,220,1.4,236,1.5,160,1.0,17040377,9.8,293992,1.8,-102166,-51.4,70,8.4
"01053","0","10","70","0","2023","4","",939,13036,12986,12958,167889695,9741497,83012,994,"",1.00,1.00,1.00,1.00,1.00,1.00,1.00,1.00,"",13,1.4,471,3.7,373,3.0,361,2.9,1832847,1.1,567302,6.2,-46248,-35.8,-20,-2.0
"01053","1","10","71","0","2023","4","",7,61,57,64,896278,0,0,1136,"",1.45,0.24,0.23,0.26,0.21,0.00,0.00,0.86,"",0,0.0,-7,-10.3,-9,-13.6,-3,-4.5,17079,1.9,0,0.0,0,0.0,127,12.6
"01053","2","10","71","0","2023","4","",22,445,438,421,7599321,0,0,1345,"",3.88,1.11,1.10,1.06,1.42,0.00,0.00,1.31,"",0,0.0,24,5.7,29,7.1,25,6.3,795108,11.7,0,0.0,0,0.0,64,5.0
"01053","3","10","71","0","2023","4","",43,3370,3377,3393,48371933,1183201,3595,1101,"",3.20,2.72,2.72,2.75,3.51,5.60,7.68,1.28,"N",-1,-2.3,0,0,0,0,0,0,0,0,0,0,0,0,0,0
"01053","5","10","71","0","2023","4","",867,9160,9114,9080,111022163,8558296,79417,937,"",0.95,0.82,0.82,0.82,0.77,0.91,0.96,0.94,"N",14,1.6,0,0,0,0,0,0,0,0,0,0,0,0,0,0
"01055","0","10","70","0","2023","4","",2401,32782,32955,32975,386991392,31176220,206268,905,"",1.00,1.00,1.00,1.00,1.00,1.00,1.00,1.00,"",103,4.5,578,1.8,583,1.8,488,1.5,16447822,4.4,-1266352,-3.9,-209033,-50.3,24,2.7
"01055","1","10","71","0","2023","4","",18,280,286,291,5734725,0,0,1544,"",1.46,0.45,0.45,0.46,0.58,0.00,0.00,1.28,"",-1,-5.3,-15,-5.1,-3,-1.0,-8,-2.7,110568,2.0,0,0.0,0,0.0,74,5.0
"01055","2","10","71","0","2023","4","",25,761,770,769,10585006,0,0,1062,"",1.73,0.76,0.76,0.76,0.86,0.00,0.00,1.13,"",0,0.0,26,3.5,20,2.7,27,3.6,940105,9.7,0,0.0,0,0.0,63,6.3
"01055","3","10","71","0","2023","4","",104,4105,4105,4137,48656080,387302,6134,909,"",3.02,1.32,1.31,1.32,1.53,0.57,5.27,1.16,"",1,1.0,61,1.5,77,1.9,108,2.7,3248869,7.2,129633,50.3,3367,121.7,43,5.0
"01055","5","10","71","0","2023","4","",2254,27636,27794,27778,322015581,30788918,200134,893,"",0.96,0.99,0.99,0.99,0.97,1.02,0.98,0.98,"",103,4.8,506,1.9,489,1.8,361,1.3,12148280,3.9,-1395985,-4.3,-212400,-51.5,19,2.2
"01057","0","10","70","0","2023","4","",382,3831,3825,3814,42551518,2802474,25863,856,"",1.00,1.00,1.00,1.00,1.00,1.00,1.00,1.00,"",11,3.0,-46,-1.2,-54,-1.4,-159,-4.0,2799268,7.0,-162977,-5.5,-14137,-35.3,74,9.5
"01057","1","10","71","0","2023","4","",7,36,41,40,438053,0,0,864,"",3.57,0.49,0.56,0.55,0.40,0.00,0.00,0.76,"",0,0.0,2,5.9,6,17.1,1,2.6,9116,2.1,0,0.0,0,0.0,-53,-5.8
"01057","2","10","71","0","2023","4","",9,238,238,230,1986160,0,0,649,"",3.91,2.02,2.02,1.96,1.47,0.00,0.00,0.73,"",0,0.0,-2,-0.8,-1,-0.4,0,0.0,-323604,-14.0,0,0.0,0,0.0,-103,-13.7
"01057","3","10","71","0","2023","4","",20,893,888,882,9606923,8933,18,833,"",3.65,2.45,2.43,2.43,2.75,0.15,0.12,1.13,"",0,0.0,-21,-2.3,-14,-1.6,-19,-2.1,527227,5.8,4950,124.3,-10,-35.7,62,8.0
"01057","5","10","71","0","2023","4","",346,2664,2658,2662,30520382,2793541,25845,882,"",0.93,0.81,0.81,0.82,0.83,1.03,1.01,1.02,"",11,3.3,-25,-0.9,-45,-1.7,-141,-5.0,2586529,9.3,-167927,-5.7,-14127,-35.3,95,12.1
"01059","0","10","70","0","2023","4","",677,10554,10676,10827,131516367,7293542,46774,947,"",1.00,1.00,1.00,1.00,1.00,1.00,1.00,1.00,"",18,2.7,-542,-4.9,-438,-3.9,-274,-2.5,-1204612,-0.9,-499761,-6.4,-59064,-55.8,28,3.0
"01059","1","10","71","0","2023","4","",9,79,77,76,1365139,0,0,1358,"",2.59,0.39,0.38,0.37,0.41,0.00,0.00,1.08,"",-1,-10.0,-9,-10.2,-13,-14.4,-11,-12.6,-24125,-1.7,0,0.0,0,0.0,148,12.2
"01059","2","10","71","0","2023","4","",16,345,348,342,4541964,0,0,1013,"",3.92,1.06,1.06,1.03,1.09,0.00,0.00,1.03,"",0,0.0,7,2.1,11,3.3,9,2.7,261953,6.1,0,0.0,0,0.0,33,3.4
"01059","3","10","71","0","2023","4","",29,1637,1630,1626,19937999,73887,318,940,"",2.99,1.63,1.60,1.58,1.84,0.47,1.21,1.15,"",0,0.0,51,3.2,28,1.7,39,2.5,1240424,6.6,1519,2.1,-492,-60.7,36,4.0
"01059","5","10","71","0","2023","4","",623,8493,8621,8783,105671265,7219655,46456,942,"",0.94,0.94,0.94,0.95,0.93,1.02,1.00,0.99,"",19,3.1,-591,-6.5,-464,-5.1,-311,-3.4,-2682864,-2.5,-501280,-6.5,-58572,-55.8,25,2.7
"01061","0","10","70","0","2023","4","",613,5445,5466,5417,57550262,4329667,26280,813,"",1.00,1.00,1.00,1.00,1.00,1.00,1.00,1.00,"",22,3.7,73,1.4,-21,-0.4,-60,-1.1,1737195,3.1,-1052731,-19.6,-45069,-63.2,25,3.2
"01061","1","10","71","0","2023","4","",11,52,56,57,766875,0,0,1073,"",3.49,0.50,0.54,0.55,0.52,0.00,0.00,0.99,"",0,0.0,-2,-3.7,4,7.7,3,5.6,43184,6.0,0,0.0,0,0.0,29,2.8
"01061","2","10","71","0","2023","4","",11,78,76,76,1023634,0,0,1027,"",2.98,0.47,0.45,0.46,0.56,0.00,0.00,1.22,"",0,0.0,-1,-1.3,-5,-6.2,-6,-7.3,40969,4.2,0,0.0,0,0.0,90,9.6
"01061","3","10","71","0","2023","4","",33,1298,1306,1283,13617088,485782,970,808,"",3.76,2.51,2.50,2.49,2.88,5.17,6.54,1.15,"",-1,-2.9,-1,-0.1,-29,-2.2,-23,-1.8,502199,3.8,76724,18.8,-2360,-70.9,40,5.2
"01061","5","10","71","0","2023","4","",558,4017,4028,4001,42142665,3843885,25310,807,"",0.93,0.86,0.86,0.86,0.85,0.92,0.97,0.99,"",23,4.3,77,2.0,9,0.2,-34,-0.8,1150843,2.8,-1129455,-22.7,-42709,-62.8,18,2.3
"01063","0","10","70","0","2023","4","",176,1812,1847,1872,20470660,2423998,15224,854,"",1.00,1.00,1.00,1.00,1.00,1.00,1.00,1.00,"",5,2.9,91,5.3,127,7.4,221,13.4,2433906,13.5,987898,68.8,-9281,-37.9,37,4.5
"01063","1","10","71","0","2023","4","",7,24,25,24,286844,0,0,907,"",7.74,0.69,0.71,0.67,0.55,0.00,0.00,0.80,"",0,0.0,1,4.3,2,8.7,-4,-14.3,-20948,-6.8,0,0.0,0,0.0,-53,-5.5
"01063","2","10","71","0","2023","4","",9,47,48,49,516042,0,0,827,"",8.48,0.85,0.85,0.85,0.79,0.00,0.00,0.94,"",0,0.0,-4,-7.8,-3,-5.9,-2,-3.9,-6912,-1.3,0,0.0,0,0.0,38,4.8
"01063","3","10","71","0","2023","4","",21,476,477,478,4933659,718882,1438,796,"",8.33,2.76,2.71,2.68,2.93,13.67,16.74,1.08,"",0,0.0,87,22.4,83,21.1,93,24.2,667135,15.6,695618,2990.1,1268,745.9,-47,-5.6
"01063","5","10","71","0","2023","4","",139,1265,1297,1321,14734115,1705116,13786,876,"",0.81,0.82,0.82,0.83,0.84,0.73,0.91,1.02,"",5,3.7,7,0.6,45,3.6,134,11.3,1794631,13.9,292280,20.7,-10549,-43.3,68,8.4
"01065","0","10","70","0","2023","4","",318,2606,2624,2644,32403269,1733849,14838,950,"",1.00,1.00,1.00,1.00,1.00,1.00,1.00,1.00,"",9,2.9,71,2.8,69,2.7,74,2.9,1493644,4.8,98010,6.0,-5255,-26.2,19,2.0
"01065","1","10","71","0","2023","4","",11,38,34,39,595537,0,0,1238,"",6.74,0.76,0.68,0.77,0.72,0.00,0.00,0.98,"",0,0.0,1,2.7,-4,-10.5,-4,-9.3,-5401,-0.9,0,0.0,0,0.0,63,5.4
"01065","2","10","71","0","2023","4","",12,86,86,88,1201573,0,0,1066,"",6.26,1.08,1.07,1.08,1.17,0.00,0.00,1.08,"",0,0.0,2,2.4,1,1.2,2,2.3,106181,9.7,0,0.0,0,0.0,75,7.6
"01065","3","10","71","0","2023","4","",22,691,724,739,7620267,146618,313,816,"",4.83,2.79,2.89,2.94,2.86,3.90,3.74,1.00,"",0,0.0,-37,-5.1,-11,-1.5,12,1.7,365727,5.0,-21822,-13.0,-870,-73.5,52,6.8
"01065","5","10","71","0","2023","4","",273,1791,1780,1778,22985892,1587231,14525,992,"",0.88,0.80,0.79,0.79,0.82,0.95,0.99,1.04,"",9,3.4,105,6.2,83,4.9,64,3.7,1027137,4.7,119832,8.2,-4385,-23.2,-2,-0.2
"01067","0","10","70","0","2023","4","",428,4032,3989,4017,64090949,2813652,12788,1229,"",1.00,1.00,1.00,1.00,1.00,1.00,1.00,1.00,"",36,9.2,236,6.2,159,4.2,178,4.6,3106165,5.1,-342142,-10.8,-17527,-57.8,1,0.1
"01067","1","10","71","0","2023","4","",7,48,46,48,596868,0,0,970,"",3.18,0.62,0.60,0.62,0.37,0.00,0.00,0.59,"",0,0.0,5,11.6,-1,-2.1,-4,-7.7,41408,7.5,0,0.0,0,0.0,67,7.4
"01067","2","10","71","0","2023","4","",12,64,64,64,909440,0,0,1093,"",4.65,0.52,0.52,0.52,0.45,0.00,0.00,0.86,"",0,0.0,-4,-5.9,-3,-4.5,-1,-1.5,-1353,-0.1,0,0.0,0,0.0,42,4.0
"01067","3","10","71","0","2023","4","",18,643,634,641,7318528,62338,125,881,"",2.93,1.68,1.67,1.68,1.39,1.02,1.73,0.83,"",-1,-5.3,28,4.6,6,1.0,19,3.1,531850,7.8,-8559,-12.1,-733,-85.4,41,4.9
"01067","5","10","71","0","2023","4","",391,3277,3245,3264,55266113,2751314,12663,1303,"",0.94,0.95,0.95,0.95,1.00,1.01,1.00,1.05,"",37,10.5,207,6.7,157,5.1,164,5.3,2534260,4.8,-333583,-10.8,-16794,-57.0,-11,-0.8
"01069","0","10","70","0","2023","4","",3653,51278,51029,51105,713998115,45328185,319490,1074,"",1.00,1.00,1.00,1.00,1.00,1.00,1.00,1.00,"",216,6.3,1327,2.7,636,1.3,773,1.5,29696932,4.3,-2653461,-5.5,-294587,-48.0,26,2.5
"01069","1","10","71","0","2023","4","",25,321,306,305,5665756,0,0,1403,"",1.33,0.33,0.31,0.31,0.31,0.00,0.00,0.98,"",0,0.0,21,7.0,13,4.4,5,1.7,443771,8.5,0,0.0,0,0.0,54,4.0
"01069","2","10","71","0","2023","4","",28,973,966,947,13165158,0,0,1053,"",1.27,0.62,0.62,0.60,0.58,0.00,0.00,0.95,"",0,0.0,45,4.8,49,5.3,38,4.2,573445,4.6,0,0.0,0,0.0,-2,-0.2
"01069","3","10","71","0","2023","4","",77,7383,7280,7316,112983498,523296,1101,1186,"",1.47,1.51,1.49,1.50,1.93,0.53,0.61,1.28,"",1,1.3,317,4.5,224,3.2,266,3.8,9234677,8.9,73109,16.2,-2437,-68.9,55,4.9
"01069","5","10","71","0","2023","4","",3523,42601,42477,42537,582183703,44804889,318389,1053,"",0.99,0.97,0.97,0.97,0.95,1.02,1.00,0.97,"",215,6.5,944,2.3,350,0.8,464,1.1,19445039,3.5,-2726570,-5.7,-292150,-47.9,21,2.0
"01071","0","10","70","0","2023","4","",1181,15485,15522,15667,197473922,12225187,88337,976,"",1.00,1.00,1.00,1.00,1.00,1.00,1.00,1.00,"",48,4.2,127,0.8,90,0.6,203,1.3,12440126,6.7,-561037,-4.4,-85330,-49.1,53,5.7
"01071","1","10","71","0","2023","4","",23,131,135,138,3266098,0,0,1866,"",3.79,0.44,0.45,0.46,0.65,0.00,0.00,1.44,"",0,0.0,8,6.5,12,9.8,11,8.7,415183,14.6,0,0.0,0,0.0,102,5.8
"01071","2","10","71","0","2023","4","",15,177,177,179,2908729,0,0,1259,"",2.11,0.37,0.37,0.37,0.46,0.00,0.00,1.25,"",0,0.0,2,1.1,1,0.6,1,0.6,287134,11.0,0,0.0,0,0.0,115,10.1
"01071","3","10","71","0","2023","4","",63,2926,2921,2935,34791983,777573,2473,914,"",3.72,1.99,1.97,1.97,2.14,2.93,4.96,1.09,"",-1,-1.6,118,4.2,87,3.1,102,3.6,2304106,7.1,35601,4.8,-3610,-59.3,29,3.3
"01071","5","10","71","0","2023","4","",1080,12251,12289,12415,156507112,11447614,85864,977,"",0.94,0.93,0.93,0.93,0.92,0.97,0.98,0.99,"",49,4.8,-1,0.0,-10,-0.1,89,0.7,9433703,6.4,-596638,-5.0,-81720,-48.8,57,6.2
"01073","0","10","70","0","2023","4","",22689,364849,367268,367462,6582695913,295755321,2167853,1382,"",1.00,1.00,1.00,1.00,1.00,1.00,1.00,1.00,"",817,3.7,6397,1.8,6755,1.9,4894,1.3,344966824,5.5,-15666538,-5.0,-1919332,-47.0,51,3.8
"01073","1","10","71","0","2023","4","",91,8562,8689,8746,188351375,0,0,1672,"",0.78,1.22,1.24,1.24,1.12,0.00,0.00,0.91,"",0,0.0,392,4.8,362,4.3,301,3.6,11924736,6.8,0,0.0,0,0.0,40,2.5
"01073","2","10","71","0","2023","4","",92,25856,25815,25714,461032806,0,0,1375,"",0.67,2.31,2.29,2.28,2.20,0.00,0.00,0.96,"",1,1.1,513,2.0,511,2.0,450,1.8,31037193,7.2,0,0.0,0,0.0,68,5.2
"01073","3","10","71","0","2023","4","",424,26671,26818,27006,429995366,409105,1162,1233,"",1.30,0.77,0.77,0.77,0.79,0.06,0.10,1.03,"",-1,-0.2,415,1.6,484,1.8,398,1.5,27609475,6.9,10443,2.6,-2462,-67.9,61,5.2
"01073","5","10","71","0","2023","4","",22082,303760,305946,305996,5503316366,295346216,2166691,1387,"",1.00,0.97,0.97,0.97,0.97,1.03,1.01,1.00,"",817,3.8,5077,1.7,5398,1.8,3745,1.2,274395420,5.2,-15676981,-5.0,-1916870,-46.9,48,3.6
"01075","0","10","70","0","2023","4","",317,3464,3455,3472,42796691,2188096,13046,950,"",1.00,1.00,1.00,1.00,1.00,1.00,1.00,1.00,"",21,7.1,140,4.2,117,3.5,119,3.5,2193385,5.4,-109862,-4.8,-17010,-56.6,14,1.5
"01075","1","10","71","0","2023","4","",7,34,33,32,391025,0,0,911,"",4.30,0.51,0.50,0.48,0.36,0.00,0.00,0.72,"",0,0.0,-1,-2.9,-2,-5.7,-2,-5.9,-12849,-3.2,0,0.0,0,0.0,15,1.7
"01075","2","10","71","0","2023","4","",9,63,66,66,861778,0,0,1020,"",4.71,0.59,0.62,0.62,0.63,0.00,0.00,1.04,"",0,0.0,-3,-4.5,1,1.5,1,1.5,64508,8.1,0,0.0,0,0.0,81,8.6
"01075","3","10","71","0","2023","4","",28,473,476,482,5147548,0,0,830,"",6.16,1.44,1.44,1.46,1.46,0.00,0.00,1.01,"",0,0.0,24,5.3,26,5.8,29,6.4,180752,3.6,-2800,-100.0,-20,-100.0,-18,-2.1
"01075","5","10","71","0","2023","4","",273,2894,2880,2892,36396340,2188096,13046,969,"",0.88,0.98,0.98,0.97,0.99,1.03,1.01,1.01,"",21,8.3,120,4.3,92,3.3,91,3.2,1960974,5.7,-107062,-4.7,-16990,-56.6,19,2.0
"01077","0","10","70","0","2023","4","",2538,30852,31134,31154,358481527,25807777,189279,888,"",1.00,1.00,1.00,1.00,1.00,1.00,1.00,1.00,"",163,6.9,811,2.7,947,3.1,948,3.1,24343315,7.3,11673,0.0,-162268,-46.2,35,4.1
"01077","1","10","71","0","2023","4","",21,294,291,296,5543772,0,0,1452,"",1.61,0.50,0.49,0.49,0.61,0.00,0.00,1.23,"",0,0.0,19,6.9,4,1.4,7,2.4,288012,5.5,0,0.0,0,0.0,27,1.9
"01077","2","10","71","0","2023","4","",15,1578,1594,1576,21283509,0,0,1034,"",0.98,1.67,1.67,1.65,1.87,0.00,0.00,1.13,"",0,0.0,87,5.8,75,4.9,67,4.4,1594831,8.1,0,0.0,0,0.0,29,2.9
"01077","3","10","71","0","2023","4","",46,3610,3612,3637,44987750,45182,144,956,"",1.26,1.23,1.22,1.23,1.53,0.08,0.13,1.25,"",0,0.0,69,1.9,95,2.7,107,3.0,2442762,5.7,-14254,-24.0,-273,-65.5,29,3.1
