Zillow_RegionID,Zillow_RegionName,Zillow_StateName,CBSA_Code,CBSA_Name,CBSA_Type
394913,"New York, NY",NY,35620,"New York-Newark-Jersey City, NY-NJ",Metropolitan Statistical Area
753899,"Los Angeles, CA",CA,31080,"Los Angeles-Long Beach-Anaheim, CA",Metropolitan Statistical Area
394463,"Chicago, IL",IL,16980,"Chicago-Naperville-Elgin, IL-IN",Metropolitan Statistical Area
394514,"Dallas, TX",TX,19100,"Dallas-Fort Worth-Arlington, TX",Metropolitan Statistical Area
394692,"Houston, TX",TX,26420,"Houston-Pasadena-The Woodlands, TX",Metropolitan Statistical Area
395209,"Washington, DC",VA,47900,"Washington-Arlington-Alexandria, DC-VA-MD-WV",Metropolitan Statistical Area
394974,"Philadelphia, PA",PA,37980,"Philadelphia-Camden-Wilmington, PA-NJ-DE-MD",Metropolitan Statistical Area
394856,"Miami, FL",FL,33100,"Miami-Fort Lauderdale-West Palm Beach, FL",Metropolitan Statistical Area
394347,"Atlanta, GA",GA,12060,"Atlanta-Sandy Springs-Roswell, GA",Metropolitan Statistical Area
394404,"Boston, MA",MA,14460,"Boston-Cambridge-Newton, MA-NH",Metropolitan Statistical Area
394976,"Phoenix, AZ",AZ,38060,"Phoenix-Mesa-Chandler, AZ",Metropolitan Statistical Area
395057,"San Francisco, CA",CA,41860,"San Francisco-Oakland-Fremont, CA",Metropolitan Statistical Area
395025,"Riverside, CA",CA,40140,"Riverside-San Bernardino-Ontario, CA",Metropolitan Statistical Area
394532,"Detroit, MI",MI,19820,"Detroit-Warren-Dearborn, MI",Metropolitan Statistical Area
395078,"Seattle, WA",WA,42660,"Seattle-Tacoma-Bellevue, WA",Metropolitan Statistical Area
394865,"Minneapolis, MN",MN,33460,"Minneapolis-St. Paul-Bloomington, MN-WI",Metropolitan Statistical Area
395056,"San Diego, CA",CA,41740,"San Diego-Chula Vista-Carlsbad, CA",Metropolitan Statistical Area
395148,"Tampa, FL",FL,45300,"Tampa-St. Petersburg-Clearwater, FL",Metropolitan Statistical Area
394530,"Denver, CO",CO,19740,"Denver-Aurora-Centennial, CO",Metropolitan Statistical Area
394358,"Baltimore, MD",MD,12580,"Baltimore-Columbia-Towson, MD",Metropolitan Statistical Area
395121,"St. Louis, MO",MO,41180,"St. Louis, MO-IL",Metropolitan Statistical Area
394943,"Orlando, FL",FL,36740,"Orlando-Kissimmee-Sanford, FL",Metropolitan Statistical Area
394458,"Charlotte, NC",NC,16740,"Charlotte-Concord-Gastonia, NC-SC",Metropolitan Statistical Area
395055,"San Antonio, TX",TX,41700,"San Antonio-New Braunfels, TX",Metropolitan Statistical Area
394998,"Portland, OR",OR,38900,"Portland-Vancouver-Hillsboro, OR-WA",Metropolitan Statistical Area
395045,"Sacramento, CA",CA,40900,"Sacramento-Roseville-Folsom, CA",Metropolitan Statistical Area
394982,"Pittsburgh, PA",PA,38300,"Pittsburgh, PA",Metropolitan Statistical Area
394466,"Cincinnati, OH",OH,17140,"Cincinnati, OH-KY-IN",Metropolitan Statistical Area
394355,"Austin, TX",TX,12420,"Austin-Round Rock-San Marcos, TX",Metropolitan Statistical Area
394775,"Las Vegas, NV",NV,29820,"Las Vegas-Henderson-North Las Vegas, NV",Metropolitan Statistical Area
394735,"Kansas City, MO",MO,28140,"Kansas City, MO-KS",Metropolitan Statistical Area
394492,"Columbus, OH",OH,18140,"Columbus, OH",Metropolitan Statistical Area
394705,"Indianapolis, IN",IN,26900,"Indianapolis-Carmel-Greenwood, IN",Metropolitan Statistical Area
394475,"Cleveland, OH",OH,17410,"Cleveland, OH",Metropolitan Statistical Area
395059,"San Jose, CA",CA,41940,"San Jose-Sunnyvale-Santa Clara, CA",Metropolitan Statistical Area
394902,"Nashville, TN",TN,34980,"Nashville-Davidson--Murfreesboro--Franklin, TN",Metropolitan Statistical Area
395194,"Virginia Beach, VA",VA,47260,"Virginia Beach-Chesapeake-Norfolk, VA-NC",Metropolitan Statistical Area
395005,"Providence, RI",RI,39300,"Providence-Warwick, RI-MA",Metropolitan Statistical Area
394714,"Jacksonville, FL",FL,27260,"Jacksonville, FL",Metropolitan Statistical Area
394862,"Milwaukee, WI",WI,33340,"Milwaukee-Waukesha, WI",Metropolitan Statistical Area
394935,"Oklahoma City, OK",OK,36420,"Oklahoma City, OK",Metropolitan Statistical Area
395012,"Raleigh, NC",NC,39580,"Raleigh-Cary, NC",Metropolitan Statistical Area
394849,"Memphis, TN",TN,32820,"Memphis, TN-MS-AR",Metropolitan Statistical Area
395022,"Richmond, VA",VA,40060,"Richmond, VA",Metropolitan Statistical Area
394807,"Louisville, KY",KY,31140,"Louisville/Jefferson County, KY-IN",Metropolitan Statistical Area
394910,"New Orleans, LA",LA,35380,"New Orleans-Metairie, LA",Metropolitan Statistical Area
395053,"Salt Lake City, UT",UT,41620,"Salt Lake City-Murray, UT",Metropolitan Statistical Area
394388,"Birmingham, AL",AL,13820,"Birmingham, AL",Metropolitan Statistical Area
394640,"Grand Rapids, MI",MI,24340,"Grand Rapids-Wyoming-Kentwood, MI",Metropolitan Statistical Area
395167,"Tucson, AZ",AZ,46060,"Tucson, AZ",Metropolitan Statistical Area
753924,"Urban Honolulu, HI",HI,46520,"Urban Honolulu, HI",Metropolitan Statistical Area
395169,"Tulsa, OK",OK,46140,"Tulsa, OK",Metropolitan Statistical Area
394619,"Fresno, CA",CA,23420,"Fresno, CA",Metropolitan Statistical Area
395238,"Worcester, MA",MA,49340,"Worcester, MA",Metropolitan Statistical Area
394938,"Omaha, NE",NE,36540,"Omaha, NE-IA",Metropolitan Statistical Area
394415,"Bridgeport, CT",CT,14860,"Bridgeport-Stamford-Danbury, CT",Metropolitan Statistical Area
394653,"Greenville, SC",SC,24860,"Greenville-Anderson-Greer, SC",Metropolitan Statistical Area
394312,"Albuquerque, NM",NM,10740,"Albuquerque, NM",Metropolitan Statistical Area
394357,"Bakersfield, CA",CA,12540,"Bakersfield-Delano, CA",Metropolitan Statistical Area
394308,"Albany, NY",NY,10580,"Albany-Schenectady-Troy, NY",Metropolitan Statistical Area
394753,"Knoxville, TN",TN,28940,"Knoxville, TN",Metropolitan Statistical Area
394367,"Baton Rouge, LA",LA,12940,"Baton Rouge, LA",Metropolitan Statistical Area
394843,"McAllen, TX",TX,32580,"McAllen-Edinburg-Mission, TX",Metropolitan Statistical Area
394561,"El Paso, TX",TX,21340,"El Paso, TX",Metropolitan Statistical Area
394318,"Allentown, PA",PA,10900,"Allentown-Bethlehem-Easton, PA-NJ",Metropolitan Statistical Area
394486,"Columbia, SC",SC,17900,"Columbia, SC",Metropolitan Statistical Area
753906,"North Port, FL",FL,35840,"North Port-Bradenton-Sarasota, FL",Metropolitan Statistical Area
845158,"Dayton, OH",OH,19430,"Dayton-Kettering-Beavercreek, OH",Metropolitan Statistical Area
394457,"Charleston, SC",SC,16700,"Charleston-North Charleston, SC",Metropolitan Statistical Area
394648,"Greensboro, NC",NC,24660,"Greensboro-High Point, NC",Metropolitan Statistical Area
395134,"Stockton, CA",CA,44700,"Stockton-Lodi, CA",Metropolitan Statistical Area
394440,"Cape Coral, FL",FL,15980,"Cape Coral-Fort Myers, FL",Metropolitan Statistical Area
394399,"Boise City, ID",ID,14260,"Boise City, ID",Metropolitan Statistical Area
394484,"Colorado Springs, CO",CO,17820,"Colorado Springs, CO",Metropolitan Statistical Area
394798,"Little Rock, AR",AR,30780,"Little Rock-North Little Rock-Conway, AR",Metropolitan Statistical Area
394766,"Lakeland, FL",FL,29460,"Lakeland-Winter Haven, FL",Metropolitan Statistical Area
394531,"Des Moines, IA",IA,19780,"Des Moines-West Des Moines, IA",Metropolitan Statistical Area
394931,"Ogden, UT",UT,36260,"Ogden, UT",Metropolitan Statistical Area
394816,"Madison, WI",WI,31540,"Madison, WI",Metropolitan Statistical Area
395235,"Winston, NC",NC,49180,"Winston-Salem, NC",Metropolitan Statistical Area
394528,"Deltona, FL",FL,19660,"Deltona-Daytona Beach-Ormond Beach, FL",Metropolitan Statistical Area
395006,"Provo, UT",UT,39340,"Provo-Orem-Lehi, UT",Metropolitan Statistical Area
395160,"Toledo, OH",OH,45780,"Toledo, OH",Metropolitan Statistical Area
395224,"Wichita, KS",KS,48620,"Wichita, KS",Metropolitan Statistical Area
394549,"Durham, NC",NC,20500,"Durham-Chapel Hill, NC",Metropolitan Statistical Area
394352,"Augusta, GA",GA,12260,"Augusta-Richmond County, GA-SC",Metropolitan Statistical Area
394957,"Palm Bay, FL",FL,37340,"Palm Bay-Melbourne-Titusville, FL",Metropolitan Statistical Area
394711,"Jackson, MS",MS,27140,"Jackson, MS",Metropolitan Statistical Area
394666,"Harrisburg, PA",PA,25420,"Harrisburg-Carlisle, PA",Metropolitan Statistical Area
395113,"Spokane, WA",WA,44060,"Spokane-Spokane Valley, WA",Metropolitan Statistical Area
394460,"Chattanooga, TN",TN,16860,"Chattanooga, TN-GA",Metropolitan Statistical Area
394997,"Portland, ME",ME,38860,"Portland-South Portland, ME",Metropolitan Statistical Area
394590,"Fayetteville, AR",AR,22220,"Fayetteville-Springdale-Rogers, AR",Metropolitan Statistical Area
394589,"Fayetteville, NC",NC,22180,"Fayetteville, NC",Metropolitan Statistical Area
394792,"Lexington, KY",KY,30460,"Lexington-Fayette, KY",Metropolitan Statistical Area
394971,"Pensacola, FL",FL,37860,"Pensacola-Ferry Pass-Brent, FL",Metropolitan Statistical Area
395019,"Reno, NV",NV,39900,"Reno, NV",Metropolitan Statistical Area
394698,"Huntsville, AL",AL,26620,"Huntsville, AL",Metropolitan Statistical Area
394995,"Port St. Lucie, FL",FL,38940,"Port St. Lucie, FL",Metropolitan Statistical Area
394761,"Lafayette, LA",LA,29180,"Lafayette, LA",Metropolitan Statistical Area
394898,"Myrtle Beach, SC",SC,34820,"Myrtle Beach-Conway-North Myrtle Beach, SC",Metropolitan Statistical Area
395116,"Springfield, MO",MO,44180,"Springfield, MO",Metropolitan Statistical Area
395195,"Visalia, CA",CA,47300,"Visalia, CA",Metropolitan Statistical Area
394746,"Killeen, TX",TX,28660,"Killeen-Temple, TX",Metropolitan Statistical Area
394338,"Asheville, NC",NC,11700,"Asheville, NC",Metropolitan Statistical Area
395244,"York, PA",PA,49620,"York-Hanover, PA",Metropolitan Statistical Area
395048,"Salem, OR",OR,41420,"Salem, OR",Metropolitan Statistical Area
394870,"Mobile, AL",AL,33660,"Mobile, AL",Metropolitan Statistical Area
394502,"Corpus Christi, TX",TX,18580,"Corpus Christi, TX",Metropolitan Statistical Area
394612,"Fort Wayne, IN",IN,23060,"Fort Wayne, IN",Metropolitan Statistical Area
394658,"Gulfport, MS",MS,25060,"Gulfport-Biloxi, MS",Metropolitan Statistical Area
395051,"Salisbury, MD",DE,41540,"Salisbury, MD",Metropolitan Statistical Area
395070,"Savannah, GA",GA,42340,"Savannah, GA",Metropolitan Statistical Area
394327,"Anchorage, AK",AK,11260,"Anchorage, AK",Metropolitan Statistical Area
394372,"Beaumont, TX",TX,13140,"Beaumont-Port Arthur, TX",Metropolitan Statistical Area
395096,"Shreveport, LA",LA,43340,"Shreveport-Bossier City, LA",Metropolitan Statistical Area
394875,"Montgomery, AL",AL,33860,"Montgomery, AL",Metropolitan Statistical Area
395146,"Tallahassee, FL",FL,45220,"Tallahassee, FL",Metropolitan Statistical Area
394901,"Naples, FL",FL,34940,"Naples-Marco Island, FL",Metropolitan Statistical Area
394927,"Ocala, FL",FL,36100,"Ocala, FL",Metropolitan Statistical Area
394679,"Hickory, NC",NC,25860,"Hickory-Lenoir-Morganton, NC",Metropolitan Statistical Area
394602,"Fort Collins, CO",CO,22660,"Fort Collins-Loveland, CO",Metropolitan Statistical Area
394796,"Lincoln, NE",NE,30700,"Lincoln, NE",Metropolitan Statistical Area
394622,"Gainesville, FL",FL,23540,"Gainesville, FL",Metropolitan Statistical Area
394646,"Green Bay, WI",WI,24580,"Green Bay, WI",Metropolitan Statistical Area
394488,"Columbus, GA",GA,17980,"Columbus, GA-AL",Metropolitan Statistical Area
395109,"Spartanburg, SC",SC,43900,"Spartanburg, SC",Metropolitan Statistical Area
394645,"Greeley, CO",CO,24540,"Greeley, CO",Metropolitan Statistical Area
394808,"Lubbock, TX",TX,31180,"Lubbock, TX",Metropolitan Statistical Area
394471,"Clarksville, TN",TN,17300,"Clarksville, TN-KY",Metropolitan Statistical Area
394741,"Kennewick, WA",WA,28420,"Kennewick-Richland, WA",Metropolitan Statistical Area
394660,"Hagerstown, MD",MD,25180,"Hagerstown-Martinsburg, MD-WV",Metropolitan Statistical Area
394937,"Olympia, WA",WA,36500,"Olympia-Lacey-Tumwater, WA",Metropolitan Statistical Area
395229,"Wilmington, NC",NC,48900,"Wilmington, NC",Metropolitan Statistical Area
753875,"Crestview, FL",FL,18880,"Crestview-Fort Walton Beach-Destin, FL",Metropolitan Statistical Area
394412,"Bremerton, WA",WA,14740,"Bremerton-Silverdale-Port Orchard, WA",Metropolitan Statistical Area
395103,"Sioux Falls, SD",SD,43620,"Sioux Falls, SD-MN",Metropolitan Statistical Area
394323,"Amarillo, TX",TX,11100,"Amarillo, TX",Metropolitan Statistical Area
395171,"Tuscaloosa, AL",AL,46220,"Tuscaloosa, AL",Metropolitan Statistical Area
394483,"College Station, TX",TX,17780,"College Station-Bryan, TX",Metropolitan Statistical Area
394811,"Lynchburg, VA",VA,31340,"Lynchburg, VA",Metropolitan Statistical Area
395240,"Yakima, WA",WA,49420,"Yakima, WA",Metropolitan Statistical Area
394585,"Fargo, ND",ND,22020,"Fargo, ND-MN",Metropolitan Statistical Area
845160,"Prescott Valley, AZ",AZ,39150,"Prescott Valley-Prescott, AZ",Metropolitan Statistical Area
394813,"Macon, GA",GA,31420,"Macon-Bibb County, GA",Metropolitan Statistical Area
395174,"Tyler, TX",TX,46340,"Tyler, TX",Metropolitan Statistical Area
394519,"Daphne, AL",AL,19300,"Daphne-Fairhope-Foley, AL",Metropolitan Statistical Area
394378,"Bellingham, WA",WA,13380,"Bellingham, WA",Metropolitan Statistical Area
394848,"Medford, OR",OR,32780,"Medford, OR",Metropolitan Statistical Area
394459,"Charlottesville, VA",VA,16820,"Charlottesville, VA",Metropolitan Statistical Area
394773,"Las Cruces, NM",NM,29740,"Las Cruces, NM",Metropolitan Statistical Area
394464,"Chico, CA",CA,17020,"Chico, CA",Metropolitan Statistical Area
394681,"Hilton Head Island, SC",SC,25940,"Hilton Head Island-Bluffton-Port Royal, SC",Metropolitan Statistical Area
394765,"Lake Havasu City, AZ",AZ,29420,"Lake Havasu City-Kingman, AZ",Metropolitan Statistical Area
394726,"Johnson City, TN",TN,27740,"Johnson City, TN",Metropolitan Statistical Area
395247,"Yuma, AZ",AZ,49740,"Yuma, AZ",Metropolitan Statistical Area
394623,"Gainesville, GA",GA,23580,"Gainesville, GA",Metropolitan Statistical Area
394716,"Jacksonville, NC",NC,27340,"Jacksonville, NC",Metropolitan Statistical Area
394597,"Florence, SC",SC,22500,"Florence, SC",Metropolitan Statistical Area
394380,"Bend, OR",OR,13460,"Bend, OR",Metropolitan Statistical Area
395202,"Warner Robins, GA",GA,47580,"Warner Robins, GA",Metropolitan Statistical Area
395009,"Punta Gorda, FL",FL,39460,"Punta Gorda, FL",Metropolitan Statistical Area
394960,"Panama City, FL",FL,37460,"Panama City-Panama City Beach, FL",Metropolitan Statistical Area
394539,"Dover, DE",DE,20100,"Dover, DE",Metropolitan Statistical Area
395119,"St. George, UT",UT,41100,"St. George, UT",Metropolitan Statistical Area
394299,"Abilene, TX",TX,10180,"Abilene, TX",Metropolitan Statistical Area
394707,"Iowa City, IA",IA,26980,"Iowa City, IA",Metropolitan Statistical Area
394351,"Auburn, AL",AL,12220,"Auburn-Opelika, AL",Metropolitan Statistical Area
394860,"Midland, TX",TX,33260,"Midland, TX",Metropolitan Statistical Area
394651,"Greenville, NC",NC,24780,"Greenville, NC",Metropolitan Statistical Area
394428,"Burlington, NC",NC,15500,"Burlington, NC",Metropolitan Statistical Area
394480,"Coeur d'Alene, ID",ID,17660,"Coeur d'Alene, ID",Metropolitan Statistical Area
394930,"Odessa, TX",TX,36220,"Odessa, TX",Metropolitan Statistical Area
395079,"Sebastian, FL",FL,42680,"Sebastian-Vero Beach-West Vero Corridor, FL",Metropolitan Statistical Area
394814,"Madera, CA",CA,23420,"Fresno, CA",Metropolitan Statistical Area
394639,"Grand Junction, CO",CO,24300,"Grand Junction, CO",Metropolitan Statistical Area
394685,"Homosassa Springs, FL",FL,26140,"Homosassa Springs, FL",Metropolitan Statistical Area
395036,"Rocky Mount, NC",NC,40580,"Rocky Mount, NC",Metropolitan Statistical Area
394880,"Morristown, TN",TN,34100,"Morristown, TN",Metropolitan Statistical Area
395232,"Winchester, VA",VA,49020,"Winchester, VA-WV",Metropolitan Statistical Area
395139,"Sumter, SC",SC,44940,"Sumter, SC",Metropolitan Statistical Area
395094,"Sherman, TX",TX,43300,"Sherman-Denison, TX",Metropolitan Statistical Area
395153,"The Villages, FL",FL,48680,"Wildwood-The Villages, FL",Metropolitan Statistical Area
394474,"Cleveland, TN",TN,17420,"Cleveland, TN",Metropolitan Statistical Area
394905,"New Bern, NC",NC,35100,"New Bern, NC",Micropolitan Statistical Area
394635,"Goldsboro, NC",NC,24140,"Goldsboro, NC",Metropolitan Statistical Area
394495,"Cookeville, TN",TN,18260,"Cookeville, TN",Micropolitan Statistical Area
395168,"Tullahoma, TN",TN,46100,"Tullahoma-Manchester, TN",Micropolitan Statistical Area
395222,"Whitewater, WI",WI,48580,"Whitewater-Elkhorn, WI",Micropolitan Statistical Area
395080,"Sebring, FL",FL,42700,"Sebring, FL",Metropolitan Statistical Area
753912,"Pinehurst, NC",NC,38240,"Pinehurst-Southern Pines, NC",Metropolitan Statistical Area
395086,"Sevierville, TN",TN,42940,"Sevierville, TN",Micropolitan Statistical Area
394882,"Moses Lake, WA",WA,34180,"Moses Lake, WA",Micropolitan Statistical Area
394928,"Ocean City, NJ",NJ,12100,"Atlantic City-Hammonton, NJ",Metropolitan Statistical Area
394682,"Hinesville, GA",GA,25980,"Hinesville, GA",Metropolitan Statistical Area
394674,"Heber, UT",UT,25720,"Heber, UT",Micropolitan Statistical Area
753893,"Jefferson, GA",GA,27600,"Jefferson, GA",Micropolitan Statistical Area
395063,"Sanford, NC",NC,41820,"Sanford, NC",Micropolitan Statistical Area
845162,"Granbury, TX",TX,24180,"Granbury, TX",Micropolitan Statistical Area
394446,"Cedar City, UT",UT,16260,"Cedar City, UT",Micropolitan Statistical Area
394951,"Oxford, MS",MS,37060,"Oxford, MS",Micropolitan Statistical Area
395122,"St. Marys, GA",GA,28680,"Kingsland, GA",Micropolitan Statistical Area
